company_name,industry,website,city,state,zip_code,year_incorporated,company_age_years,total_funding,latest_funding_amount,latest_funding_stage,latest_funding_date,Total Approvals,Total Denials,Approval_Rate,median_salary_offered,top_job_titles_sponsored
DATABRICKS INC,Other Technology,databricks.com,SAN FRANCISCO,CA,94105,2013.0,12.0,18421062869.0,1074999900.0,Series D+,2025-09-08,1640.0,8.0,99.51456310679612,149422.5,"['Software Engineer', 'Senior Software Engineer', 'Solutions Architect', 'Specialist Solutions Architect', 'Senior Solutions Engineer']"
ANYSCALE INC,Other Technology,anyscale.com,San Francisco,CA,94105,2019.0,6.0,219930918.0,199185923.0,Series D+,2021-10-15,92.0,4.0,95.83333333333334,160000.0,"['Software Engineer', 'Solutions Architect']"
AIERA INC,Other Technology,aiera.com,NEW YORK,NY,10022,2017.0,8.0,47203162.0,25000000.0,Series B,2025-05-15,102.0,0.0,100.0,120000.0,"['Product Manager', 'AI/DS Engineer', 'QA Automation Engineer']"
HUGGING FACE INC,Other Technology,hugging-face.com,BROOKLYN,NY,11201,2016.0,9.0,23844319.0,19844319.0,Series B,2019-11-27,,,,,
SALESFORCE COM INC,Other Technology,salesforcecom.com,SAN FRANCISCO,CA,94105,,,1770502115.0,317197250.0,Series D+,2018-08-20,66.0,10.0,86.8421052631579,143998.0,['Technical Program Manager']
SALESFORCECOM INC,Other Technology,salesforcecom.com,SAN FRANCISCO,CA,94105,,,666185954.0,666185954.0,Series D+,2019-10-01,66.0,10.0,86.8421052631579,143998.0,['Technical Program Manager']
EVERQUOTE INC,Other Technology,everquote.com,CAMBRIDGE,MA,2139,,,52440551.0,14999999.0,Series A,2022-02-23,56.0,0.0,100.0,117640.0,"['Senior Cloud Engineer I', 'Senior Quantitative Analyst', 'Senior Engineer ', 'Senior Quantitative Analyst (Business) ', 'Product Manager', 'Quantitative Analyst ']"
COHERE HEALTH INC,Other Technology,cohere-health.com,BOSTON,MA,2114,2019.0,6.0,166099835.0,89999876.0,Series C,2025-05-07,104.0,2.0,98.1132075471698,160000.0,"['Engineering Manager ', 'Senior Software Engineer, Platform', 'Senior Machine Learning DevOps Engineer', 'Software Engineer II', 'Machine Learning Engineer']"
PINECONE SYSTEMS INC,Other Technology,,New York,NY,10018,2019.0,6.0,128199905.0,99999940.0,Series C,2023-04-10,22.0,0.0,100.0,165000.0,"['Senior Product Marketing Manager', 'Software Engin"
